<TextureAtlas imagePath="sprites.png">
	<SubTexture name="tank_arrowEmpty.png" x="0" y="284" width="91" height="48"/>
	<SubTexture name="tank_arrowFull.png" x="0" y="334" width="91" height="48"/>
	<SubTexture name="tank_bullet1.png" x="156" y="424" width="17" height="14"/>
	<SubTexture name="tank_bullet2.png" x="543" y="250" width="25" height="16"/>
	<SubTexture name="tank_bullet3.png" x="541" y="447" width="38" height="26"/>
	<SubTexture name="tank_bullet4.png" x="490" y="155" width="38" height="26"/>
	<SubTexture name="tank_bullet5.png" x="399" y="344" width="17" height="14"/>
	<SubTexture name="tank_bullet6.png" x="463" y="103" width="25" height="16"/>
	<SubTexture name="tank_bulletFly.png" x="92" y="424" width="62" height="14"/>
	<SubTexture name="tank_bulletFly1.png" x="349" y="324" width="67" height="18"/>
	<SubTexture name="tank_bulletFly2.png" x="181" y="402" width="78" height="20"/>
	<SubTexture name="tank_bulletFly3.png" x="0" y="412" width="90" height="26"/>
	<SubTexture name="tank_bulletFly4.png" x="0" y="384" width="90" height="26"/>
	<SubTexture name="tank_bulletFly5.png" x="265" y="375" width="67" height="18"/>
	<SubTexture name="tank_bulletFly6.png" x="176" y="475" width="78" height="20"/>
	<SubTexture name="tank_explosion1.png" x="424" y="122" width="64" height="64"/>
	<SubTexture name="tank_explosion10.png" x="543" y="268" width="14" height="14"/>
	<SubTexture name="tank_explosion11.png" x="541" y="475" width="33" height="33"/>
	<SubTexture name="tank_explosion12.png" x="539" y="207" width="41" height="41"/>
	<SubTexture name="tank_explosion2.png" x="498" y="447" width="41" height="41"/>
	<SubTexture name="tank_explosion3.png" x="425" y="188" width="60" height="60"/>
	<SubTexture name="tank_explosion4.png" x="422" y="379" width="74" height="74"/>
	<SubTexture name="tank_explosion5.png" x="550" y="284" width="14" height="14"/>
	<SubTexture name="tank_explosion6.png" x="542" y="84" width="33" height="33"/>
	<SubTexture name="tank_explosion7.png" x="539" y="41" width="41" height="41"/>
	<SubTexture name="tank_explosion8.png" x="425" y="250" width="59" height="60"/>
	<SubTexture name="tank_explosion9.png" x="425" y="0" width="59" height="60"/>
	<SubTexture name="tanks_barrelGreen.png" x="498" y="395" width="41" height="50"/>
	<SubTexture name="tanks_barrelGrey.png" x="541" y="395" width="41" height="50"/>
	<SubTexture name="tanks_barrelRed.png" x="539" y="155" width="41" height="50"/>
	<SubTexture name="tanks_crateAmmo.png" x="498" y="343" width="50" height="50"/>
	<SubTexture name="tanks_crateArmor.png" x="498" y="291" width="50" height="50"/>
	<SubTexture name="tanks_crateRepair.png" x="487" y="188" width="50" height="50"/>
	<SubTexture name="tanks_crateWood.png" x="490" y="103" width="50" height="50"/>
	<SubTexture name="tanks_mineOff.png" x="486" y="41" width="36" height="14"/>
	<SubTexture name="tanks_mineOn.png" x="425" y="103" width="36" height="14"/>
	<SubTexture name="tanks_minePressed.png" x="425" y="312" width="36" height="10"/>
	<SubTexture name="tanks_tankDesert1.png" x="88" y="440" width="86" height="68"/>
	<SubTexture name="tanks_tankDesert2.png" x="265" y="244" width="82" height="60"/>
	<SubTexture name="tanks_tankDesert3.png" x="0" y="142" width="92" height="69"/>
	<SubTexture name="tanks_tankDesert4.png" x="345" y="436" width="75" height="59"/>
	<SubTexture name="tanks_tankDesert5.png" x="264" y="113" width="82" height="67"/>
	<SubTexture name="tanks_tankDesert_body1.png" x="180" y="0" width="83" height="49"/>
	<SubTexture name="tanks_tankDesert_body2.png" x="261" y="402" width="82" height="48"/>
	<SubTexture name="tanks_tankDesert_body3.png" x="94" y="0" width="84" height="53"/>
	<SubTexture name="tanks_tankDesert_body4.png" x="349" y="214" width="74" height="53"/>
	<SubTexture name="tanks_tankDesert_body5.png" x="482" y="62" width="55" height="39"/>
	<SubTexture name="tanks_tankGreen1.png" x="0" y="440" width="86" height="68"/>
	<SubTexture name="tanks_tankGreen2.png" x="264" y="51" width="82" height="60"/>
	<SubTexture name="tanks_tankGreen3.png" x="0" y="0" width="92" height="69"/>
	<SubTexture name="tanks_tankGreen4.png" x="348" y="61" width="75" height="59"/>
	<SubTexture name="tanks_tankGreen5.png" x="181" y="271" width="82" height="67"/>
	<SubTexture name="tanks_tankGreen_body1.png" x="94" y="220" width="83" height="49"/>
	<SubTexture name="tanks_tankGreen_body2.png" x="180" y="170" width="82" height="48"/>
	<SubTexture name="tanks_tankGreen_body3.png" x="94" y="110" width="84" height="53"/>
	<SubTexture name="tanks_tankGreen_body4.png" x="422" y="324" width="74" height="53"/>
	<SubTexture name="tanks_tankGreen_body5.png" x="425" y="62" width="55" height="39"/>
	<SubTexture name="tanks_tankGrey1.png" x="93" y="284" width="86" height="68"/>
	<SubTexture name="tanks_tankGrey2.png" x="181" y="340" width="82" height="60"/>
	<SubTexture name="tanks_tankGrey3.png" x="0" y="71" width="92" height="69"/>
	<SubTexture name="tanks_tankGrey4.png" x="348" y="0" width="75" height="59"/>
	<SubTexture name="tanks_tankGrey5.png" x="180" y="101" width="82" height="67"/>
	<SubTexture name="tanks_tankGrey_body1.png" x="179" y="220" width="83" height="49"/>
	<SubTexture name="tanks_tankGrey_body2.png" x="261" y="452" width="82" height="48"/>
	<SubTexture name="tanks_tankGrey_body3.png" x="94" y="165" width="84" height="53"/>
	<SubTexture name="tanks_tankGrey_body4.png" x="348" y="159" width="74" height="53"/>
	<SubTexture name="tanks_tankGrey_body5.png" x="486" y="0" width="55" height="39"/>
	<SubTexture name="tanks_tankNavy1.png" x="93" y="354" width="86" height="68"/>
	<SubTexture name="tanks_tankNavy2.png" x="264" y="182" width="82" height="60"/>
	<SubTexture name="tanks_tankNavy3.png" x="0" y="213" width="92" height="69"/>
	<SubTexture name="tanks_tankNavy4.png" x="345" y="375" width="75" height="59"/>
	<SubTexture name="tanks_tankNavy5.png" x="265" y="306" width="82" height="67"/>
	<SubTexture name="tanks_tankNavy_body1.png" x="176" y="424" width="83" height="49"/>
	<SubTexture name="tanks_tankNavy_body2.png" x="180" y="51" width="82" height="48"/>
	<SubTexture name="tanks_tankNavy_body3.png" x="94" y="55" width="84" height="53"/>
	<SubTexture name="tanks_tankNavy_body4.png" x="349" y="269" width="74" height="53"/>
	<SubTexture name="tanks_tankNavy_body5.png" x="486" y="250" width="55" height="39"/>
	<SubTexture name="tanks_tankTracks1.png" x="348" y="122" width="74" height="35"/>
	<SubTexture name="tanks_tankTracks2.png" x="265" y="0" width="74" height="35"/>
	<SubTexture name="tanks_tankTracks3.png" x="348" y="122" width="74" height="35"/>
	<SubTexture name="tanks_tankTracks4.png" x="543" y="0" width="26" height="26"/>
	<SubTexture name="tanks_tankTracks5.png" x="542" y="119" width="31" height="29"/>
	<SubTexture name="tanks_tankTracks6.png" x="422" y="455" width="74" height="48"/>
	<SubTexture name="tanks_tankTracks7.png" x="498" y="490" width="31" height="16"/>
	<SubTexture name="tanks_turret1.png" x="349" y="361" width="40" height="12"/>
	<SubTexture name="tanks_turret2.png" x="349" y="344" width="48" height="15"/>
	<SubTexture name="tanks_turret3.png" x="345" y="497" width="20" height="13"/>
	<SubTexture name="tanks_turret4.png" x="94" y="271" width="37" height="9"/>
</TextureAtlas>